<?xml version="1.0" encoding="UTF-8"?>
<java version="1.7.0_17" class="java.beans.XMLDecoder">
    <object class="dvc.service.custom.TemplateChungTu">
        <void property="chuyenkhoanTienmat">
            <string>2</string>
        </void>
        <void property="dmDvqhns">
            <string>1082387</string>
        </void>
        <void property="dmTiente">
            <string>VND</string>
        </void>
        <void property="dvNhantienCtmt">
            <string></string>
        </void>
        <void property="dvNhantienDiachi">
            <string></string>
        </void>
        <void property="dvNhantienKbnn">
            <string></string>
        </void>
        <void property="dvNhantienKbnnTen">
            <string></string>
        </void>
        <void property="dvNhantienLoai">
            <long></long>
        </void>
        <void property="dvNhantienMa">
            <string></string>
        </void>
        <void property="dvNhantienSotiennhan">
            <double>0</double>
        </void>
        <void property="dvNhantienSotkSo">
            <string></string>
        </void>
        <void property="dvNhantienTen">
            <string></string>
        </void>
        <void property="dvNopthueSotiennop">
            <double></double>
        </void>
        <void property="dvqhnsCapns">
            <string>2</string>
        </void>
        <void property="dvqhnsCkcHdk">
            <string></string>
        </void>
        <void property="dvqhnsCkcHdth">
            <string></string>
        </void>
        <void property="dvqhnsCtmt">
            <string></string>
        </void>
        <void property="dvqhnsKbnn">
            <string></string>
        </void>
        <void property="dvqhnsMa">
            <string>1082387</string>
        </void>
        <void property="dvqhnsNamns">
            <long>2020</long>
        </void>
        <void property="dvqhnsTen">
            <string>Sở Lao Động TB và XH tỉnh Quảng Ngãi</string>
        </void>
        <void property="gnHosoC202GtByGnHosoC202">
            <object class="java.util.ArrayList">'; 
                        <void method="add">
                <object class="dvc.service.custom.TemplateChungTuGt">
                    <void property="dmChuong">
                        <string>424</string>
                    </void>
                    <void property="dmNdkt">
                        <string>7162</string>
                    </void>
                    <void property="dmNganhKt">
                        <string>371</string>
                    </void>
                    <void property="dmNguonchi">
                        <string>12</string>
                    </void>
                    <void property="dvNhantien">
                        <double>0</double>
                    </void>
                    <void property="dvNopthue">
                        <double>0</double>
                    </void>
                    <void property="maHang">
                        <string></string>
                    </void>
                    <void property="noiDung">
                        <string>Chi tiền quà cho các Đoàn của Lãnh đạo tỉnh đi thăm Tết đối tượng NCC với cách mạng</string>
                    </void>
                    <void property="soTien">
                        <double>84000000</double>
                    </void>
                </object>
            </void>
         
         </object>
        </void>
        <void property="gnTaiLieuId">
            <long>423</long>
        </void>
        <void property="ngayChungTu">
            <object class="java.sql.Timestamp">
                <long>1579132800000</long>
            </object>
        </void>
        <void property="par1">
            <string>Tám mươi bốn triệu đồng .</string>
        </void>
        <void property="soChungTu">
            <string>07</string>
        </void>
        <void property="thucchiTamung">
            <string>0</string>
        </void>
        <void property="tongSoTien">
            <double>3.21321321E8</double>
        </void>
        <void property="typeChungTu">
            <long>1</long>
        </void>
    </object>
</java>

